Date,Open,Stock_Price,Adj Close,Next_Stock_Price_1,Next_Stock_Price_2,source,author,title,description,url,urlToImage,publishedAt,content,date,vader_sentiment,sentiment_category
6/08/2024,200.75,200.6399994,200.6399994,191.7599945,198.8399963,Gizmodo.com,Lucas Ropek,Fiery Cybertruck Death Spurs Federal Probe,A man was killed in a Cybertruck crash in Texas early Monday morning.,https://gizmodo.com/fiery-cybertruck-death-spurs-federal-probe-2000483746,https://gizmodo.com/app/uploads/2024/08/A-Tesla-Cybertruck-on-the-road.jpg,6/08/2024 21:30,"Federal authorities are investigating after a Cybertruck crashed and burst into flames earlier this week, leaving the driver of the vehicle dead. While there have been a number of crashes involving T… [+2151 chars]",6/08/2024,-0.6124,negative
7/08/2024,200.7700043,191.7599945,191.7599945,198.8399963,200.0,Autoblog,Associated Press,Tesla burns after driver in Mexico plugs it directly into a power line,"Filed under:
 Green,Weird Car News,Tesla,Electric
 Continue reading Tesla burns after driver in Mexico plugs it directly into a power line
Tesla burns after driver in Mexico plugs it directly into a power line originally appeared on Autoblog on Wed, 7 Aug 202…",https://www.autoblog.com/2024/08/07/tesla-burns-after-driver-in-mexico-plugs-it-directly-into-a-power-line/,https://edgecast-img.yahoo.net/mysterio/api/88AE34C384FDE0576814C5C67A3BD25652E81CAA1531116ECA8ACD82504AD5BA/autoblog/resizefill_w1200_h675;quality_85;format_webp;cc_31536000;/https://s.aolcdn.com/images/dims3/GLOB/crop/3072x1728 0 223/resize/1200x675/format/jpg/quality/100/https://s.aolcdn.com/os/ab/_cms/2024/08/07142129/tijuana_power_pole.jpeg,7/08/2024 18:22,"TIJUANA, Mexico A driver in the Mexican border city of Tijuana apparently had the bright idea of connecting his Tesla to an illegal electricity hookup connected directly to a powerline.
Not only did… [+1273 chars]",7/08/2024,-0.1779,negative
7/08/2024,200.7700043,191.7599945,191.7599945,198.8399963,200.0,Hipertextual,Rubén Chicharro,Figure 2.0: así es el robot humanoide que compite con el Optimus Gen 2 de Tesla,"El robot humanoide de Tesla tiene competencia. Figure, una empresa de robótica estadounidense, ha presentado F 2.0, una nueva versión de su robot impulsado por la IA de OpenAI y destinado para fines comerciales, aunque, al igual que Elon Musk con su Optimus G…",http://hipertextual.com/2024/08/figure-2-0-asi-es-el-robot-humanoide-que-compite-con-el-optimus-gen-2-de-tesla,https://imgs.hipertextual.com/wp-content/uploads/2024/08/figure-2-0.jpg,7/08/2024 10:06,"El robot humanoide de Tesla tiene competencia. Figure, una empresa de robótica estadounidense, ha presentadoF 2.0, una nueva versión de su robot impulsado por la IA de OpenAI y destinado para fines c… [+1753 chars]",7/08/2024,0.34,positive
8/08/2024,195.6999969,198.8399963,198.8399963,200.0,197.4900055,Business Insider,Polly Thompson,Palmer Luckey's startup Anduril raises $1.5 billion to build a Tesla-style weapons factory,Anduril is planning a huge factory facility for its autonomous weapons and devices that it says can hyperscale production for future conflicts.,https://www.businessinsider.com/palmer-luckey-anduril-defense-startup-funding-tesla-weapons-factory-2024-8,https://i.insider.com/66b485fa5da406397bf415a4?width=1200&format=jpeg,8/08/2024 14:27,"A rendering of Arsenal-1, the factory planned by Palmer Luckey's Anduril. Anduril
<ul><li>Defense startup Anduril has raised $1.5 billion in a round led by Founders Fund and Sands Capital.</li><li>I… [+3646 chars]",8/08/2024,0.0,nuetral
8/08/2024,195.6999969,198.8399963,198.8399963,200.0,197.4900055,Gizmodo.com,Lucas Ropek,Home Security Giant ADT Admits It Has Been Hacked,"While a lot of the details aren't clear yet, the company says hackers made off with customer information, including home addresses.",https://gizmodo.com/home-security-giant-adt-admits-it-has-been-hacked-2000484710,https://gizmodo.com/app/uploads/2024/08/An-ADT-stamp-in-a-window.jpg,8/08/2024 18:10,"ADT, one of the largest home security providers in the U.S., has been hacked. The breach, which was disclosed in a filing with the Securities and Exchange Commission on Wednesday, involves multiple d… [+2017 chars]",8/08/2024,0.2263,positive
9/08/2024,197.0500031,200.0,200.0,197.4900055,207.8300018,Business Insider,Ana Altchek,Uber CEO says there's a potentially big problem with Elon Musk's Robotaxi idea,Uber CEO Dara Khosrowshahi is skeptical that Tesla can pull off its Robotaxi plan. But he hopes the two companies can collaborate.,https://www.businessinsider.com/uber-ceo-khosrowshahi-elon-musk-tesla-robotaxi-autonomous-ev-2024-8,https://i.insider.com/66b620cb955b01c3294d2b47?width=1200&format=jpeg,9/08/2024 19:27,"Uber CEO Dara Khosrowshahi has some doubts about Tesla's Robotaxi idea.Samantha Burkardt/Richard Bord/Getty
<ul><li>Uber's CEO has some doubts about Elon Musk's Tesla Robotaxi plan.</li><li>Dara Kho… [+2179 chars]",9/08/2024,-0.5267,negative
9/08/2024,197.0500031,200.0,200.0,197.4900055,207.8300018,Autoblog,Associated Press,NTSB seeks information from Tesla on fatal Cybertruck crash and fire in Texas,"Filed under:
 Tesla,Safety
 Continue reading NTSB seeks information from Tesla on fatal Cybertruck crash and fire in Texas
NTSB seeks information from Tesla on fatal Cybertruck crash and fire in Texas originally appeared on Autoblog on Fri, 9 Aug 2024 10:42:0…",https://www.autoblog.com/2024/08/09/ntsb-seeks-information-from-tesla-on-fatal-cybertruck-crash-and-fire-in-texas/,https://edgecast-img.yahoo.net/mysterio/api/A61BF1FA1ABEA4B501CACA54EEC58CEE7FD0E385C65E60FCA0BB1101393BF199/autoblog/resizefill_w1200_h675;quality_85;format_webp;cc_31536000;/https://s.aolcdn.com/images/dims3/GLOB/crop/2343x1318 63 0/resize/1200x675/format/jpg/quality/100/https://s.aolcdn.com/os/ab/_cms/2024/08/09103850/Screenshot-2024-08-09-at-10.37.22 AM.png,9/08/2024 14:42,"DETROIT Federal safety authorities say they are seeking information on a crash and fire involving a Tesla Cybertruck that killed a driver of the futuristic new pickup.
The National Highway Traffic S… [+999 chars]",9/08/2024,-0.7783,negative
9/08/2024,197.0500031,200.0,200.0,197.4900055,207.8300018,Autoblog,Insider,Gen Z isn't impressed by Tesla cars. That should worry Elon Musk,"Filed under:
 Green,Tesla
 Continue reading Gen Z isn't impressed by Tesla cars. That should worry Elon Musk
Gen Z isn't impressed by Tesla cars. That should worry Elon Musk originally appeared on Autoblog on Fri, 9 Aug 2024 13:53:00 EDT. Please see our terms…",https://www.autoblog.com/2024/08/09/gen-z-isn-t-impressed-by-tesla-cars-that-should-worry-elon-musk/,https://edgecast-img.yahoo.net/mysterio/api/8735F7304B0B65874956C4D8AAA1B1B35E7C551E0674E4DE0E2927F023B45E1D/autoblog/resizefill_w1200_h675;quality_85;format_webp;cc_31536000;/https://o.aolcdn.com/images/dims3/GLOB/legacy_thumbnail/1062x597/format/jpg/quality/100/https://media.zenfs.com/en/business_insider_articles_888/b227fc77560d8f3c67c53f618d9f7afc,9/08/2024 17:53,"A recent survey of Morgan Stanley interns finds Tesla declining in desirability among the Gen Z workers.John Thys/AFP via Getty Images
Gen Z isn't riding with Tesla much anymore.
A recent survey of… [+4099 chars]",9/08/2024,0.0,nuetral
12/08/2024,199.0200043,197.4900055,197.4900055,207.8300018,201.3800049,Xataka.com,Javier Pastor,Elon Musk no para de redirigir recursos de Tesla y X hacia xAI. A los inversores no les está gustando nada,"Esto es la guerra, parece estar pensando Elon Musk. Y si para ganarla tengo que perjudicar a mis otras empresas, que así sea. Es al menos la estrategia que parece estar siguiendo el magnate para lograr su objetivo: convertir a xAI en referente. No lo va a ten…",https://www.xataka.com/robotica-e-ia/elon-musk-no-para-redirigir-recursos-tesla-x-xai-a-inversores-no-les-esta-gustando-nada,https://i.blogs.es/8c3308/musk/840_560.jpeg,12/08/2024 12:01,"Esto es la guerra, parece estar pensando Elon Musk. Y si para ganarla tengo que perjudicar a mis otras empresas, que así sea. Es al menos la estrategia que parece estar siguiendo el magnate para logr… [+3012 chars]",12/08/2024,0.0,nuetral
12/08/2024,199.0200043,197.4900055,197.4900055,207.8300018,201.3800049,Autoblog,Reuters,Elon Musk embraces Trump and scorns subsidies. But Tesla still lobbies for benefits,"Filed under:
 Government/Legal,Green,Tesla
 Continue reading Elon Musk embraces Trump and scorns subsidies. But Tesla still lobbies for benefits
Elon Musk embraces Trump and scorns subsidies. But Tesla still lobbies for benefits originally appeared on Autoblo…",https://www.autoblog.com/2024/08/12/elon-musk-embraces-trump-and-scorns-subsidies-but-tesla-still-lobbies-for-benefits/,https://edgecast-img.yahoo.net/mysterio/api/4419B7CDE9CA703F7A6AEBF6E1492C0CCB8DDBEC0667A77310FE77A61C0B6871/autoblog/resizefill_w1200_h675;quality_85;format_webp;cc_31536000;/https://s.aolcdn.com/images/dims3/GLOB/crop/4000x2250 0 0/resize/1200x675/format/jpg/quality/100/https://s.aolcdn.com/os/ab/_cms/2024/08/12081825/cannes_lions_international_festival_of_creativity_2024_-_day_three1.jpeg,12/08/2024 12:19,"When Elon Musk endorsed Donald Trump for president last month, the Tesla founder and chief executive backed a candidate who vows to ""drill, baby, drill,"" ""end the electric vehicle mandate"" and reduce… [+10272 chars]",12/08/2024,0.2732,positive
12/08/2024,199.0200043,197.4900055,197.4900055,207.8300018,201.3800049,Business Insider,Tom Carter,"Elon Musk initially said the Cybertruck would cost from $39,900. Now, you can't buy it for much less than $100,000.",Tesla removed the option to preorder the cheaper versions of its Cybertruck from its website last week.,https://www.businessinsider.com/elon-musk-tesla-cheapest-cybertruck-now-100k-2024-8,https://i.insider.com/66b9d74bb4912df3ae1aa484?width=1200&format=jpeg,12/08/2024 10:21,"The Tesla Cybertruck has had a rocky rollout since its launch last year, with multiple recalls.Chesnot/Getty
<ul><li>The cheapest Cybertruck available right now is $100,000.</li><li>Tesla quietly re… [+2143 chars]",12/08/2024,0.0,nuetral
12/08/2024,199.0200043,197.4900055,197.4900055,207.8300018,201.3800049,Gizmodo.com,Matthew Gault,Trump Returns to Twitter in a Weird Way,The former president's account is posting ahead of his interview with Elon Musk.,https://gizmodo.com/trump-returns-to-twitter-in-a-weird-way-2000485796,https://gizmodo.com/app/uploads/2024/08/Trump.jpg,12/08/2024 13:30,"Theres a new Trump tweet, the first since the former president posted his own mugshot in 2023. The tweet was posted at 2:54 AM and, weirdly, does not appear on Trumps timeline. It also lacks the fire… [+2855 chars]",12/08/2024,-0.296,negative
13/08/2024,198.4700012,207.8300018,207.8300018,201.3800049,214.1399994,The Verge,Umar Shakir,Rivian is bringing Apple Music with spatial audio to its CarPlay-less EVs,"Rivian is pushing a new software update that includes Apple Music, but it requires a Connect Plus subscription to work on the go, while CarPlay is still not an option.",https://www.theverge.com/2024/8/13/24218973/rivian-apple-music-connect-plus-subscribe-fee,https://cdn.vox-cdn.com/thumbor/VP6uyOjssejvOtwgeMQY6jtkeAQ=/0x0:2048x1365/1200x628/filters:focal(1024x683:1025x684)/cdn.vox-cdn.com/uploads/chorus_asset/file/24585492/236609_Rivian_R1S_review_DGolson_0013.jpg,13/08/2024 13:00,"Rivian is bringing Apple Music with spatial audio to its CarPlay-less EVs
Rivian is bringing Apple Music with spatial audio to its CarPlay-less EVs
 / Rivians latest update now has Apple Music, but… [+3143 chars]",13/08/2024,0.0,nuetral
13/08/2024,198.4700012,207.8300018,207.8300018,201.3800049,214.1399994,Hackaday,Heidi Ulrich,From Vehicle-to-Grid to DIY Home Powerwalls,"As battery-to-grid and vehicle-to-home technologies become increasingly mainstream, the potential for repurposing electric vehicle (EV) batteries has grown significantly. No longer just a niche pursuit, using retired EV batteries for …read more",https://hackaday.com/2024/08/13/from-vehicle-to-grid-to-diy-home-powerwalls/,https://hackaday.com/wp-content/uploads/2024/08/diy-batteries-800.jpg,13/08/2024 23:00,"As battery-to-grid and vehicle-to-home technologies become increasingly mainstream, the potential for repurposing electric vehicle (EV) batteries has grown significantly. No longer just a niche pursu… [+1240 chars]",13/08/2024,-0.296,negative
13/08/2024,198.4700012,207.8300018,207.8300018,201.3800049,214.1399994,Yahoo Entertainment,Demitri Fierro,Tesla relaunches long-range Model 3 as its second-cheapest option: 'This is a great deal',"""They've really made some nice refinements.""",https://autos.yahoo.com/tesla-relaunches-long-range-model-100000780.html,https://s.yimg.com/ny/api/res/1.2/8f9yx2zIY319rvKf69a6eQ--/YXBwaWQ9aGlnaGxhbmRlcjt3PTEyMDA7aD02NzU-/https://media.zenfs.com/en/the_cool_down_737/11eb8455a81b968fa8faeb6a118a2099,13/08/2024 10:00,"Much like the summer's temperatures, electric vehicles are hot right now. EV sales rose by 20% in 2023 compared to the previous year, thanks to decreasing costs and increased choice among automotive … [+2984 chars]",13/08/2024,0.7579,positive
13/08/2024,198.4700012,207.8300018,207.8300018,201.3800049,214.1399994,Business Insider,"Katherine Tangalakis-Lippert,John L. Dorman",Elon gave Trump 1 million listeners. Trump gave his greatest hits.,Former President Donald Trump and billionaire businessman Elon Musk live-streamed a rambling conversation on X on Monday.,https://www.businessinsider.com/elon-musk-donald-trump-spaces-conversation-on-x-2024-8,https://i.insider.com/66ba9c6a955b01c3294df12e?width=1200&format=jpeg,13/08/2024 1:35,"Former President Donald Trump and billionaire businessman Elon Musk live-streamed a rambling conversation on Musk's social media platform, X, on Monday.KAMIL KRZACZYNSKI/AFP via Getty Images; Marc Pi… [+3632 chars]",13/08/2024,0.0,nuetral
14/08/2024,207.3899994,201.3800049,201.3800049,214.1399994,216.1199951,Ars Technica,Jonathan M. Gitlin,Federal Tesla suspension failure investigation ends with recommendation,There have been hundreds of Tesla Model S and Model X front suspension failures.,https://arstechnica.com/cars/2024/08/feds-suggest-tesla-expand-service-bulletin-after-whompy-wheels-probe/,https://cdn.arstechnica.net/wp-content/uploads/2024/08/GettyImages-628733186-760x380.jpg,14/08/2024 14:40,"Enlarge/ For years, Tesla used front suspension fore links that can fail in use.
8
The National Highway Traffic Safety Administration's Office of Defects Investigation has closed a four-year probe … [+2523 chars]",14/08/2024,-0.5267,negative
14/08/2024,207.3899994,201.3800049,201.3800049,214.1399994,216.1199951,Business Insider,Tom Carter,5 promises Elon Musk made about the Cybertruck that never happened,"Tesla's first pickup, which finally launched last November, has had a rocky rollout, with multiple recalls and challenges in scaling up production.",https://www.businessinsider.com/what-elon-musk-promised-with-tesla-cybertruck-but-never-materialized-2024-8,https://i.insider.com/66bc7afcb4912df3ae1b7a1c?width=1200&format=jpeg,14/08/2024 9:38,"Elon Musk shows off a prototype Cybertruck in 2019. Frederic J. Brown/Getty
<ul><li>The Cybertruck has changed a lot since Elon Musk unveiled it in 2019.</li><li>It's more expensive, with the cheape… [+3851 chars]",14/08/2024,0.0,nuetral
14/08/2024,207.3899994,201.3800049,201.3800049,214.1399994,216.1199951,Autoblog,Reuters,Preliminary evaluation of front suspension failure in Tesla vehicles closed by NHTSA,"Filed under:
 Government/Legal,Green,Tesla,Safety,Crossover,SUV,Electric,Sedan
 Continue reading Preliminary evaluation of front suspension failure in Tesla vehicles closed by NHTSA
Preliminary evaluation of front suspension failure in Tesla vehicles closed b…",https://www.autoblog.com/2024/08/14/preliminary-evaluation-of-front-suspension-failure-in-tesla-vehicles-closed-by-nhtsa/,https://edgecast-img.yahoo.net/mysterio/api/481765048C9C840BC953DC8D6D2567FFAEE58047B78D6B0DF381C4C1C5C05B6A/autoblog/resizefill_w1200_h675;quality_85;format_webp;cc_31536000;/https://s.aolcdn.com/images/dims3/GLOB/crop/3000x1688 0 275/resize/1200x675/format/jpg/quality/100/https://s.aolcdn.com/os/ab/_cms/2024/08/14081031/telsa_opens_new_flagship_store_in_san_francisco.jpeg,14/08/2024 12:11,"The National Highway Traffic Safety Administration said on Wednesday it has closed a preliminary evaluation into 74,918 Tesla vehicles over front suspension failures.
The auto safety agency's Office… [+1779 chars]",14/08/2024,0.3818,positive
14/08/2024,207.3899994,201.3800049,201.3800049,214.1399994,216.1199951,Autoblog,Jonathon Ramsey,"Tesla Cybertruck range-extender battery costs an 'estimated' $16,000","Filed under:
 Green,Tesla,Truck,Electric,Off-Road Vehicles
 Continue reading Tesla Cybertruck range-extender battery costs an 'estimated' $16,000
Tesla Cybertruck range-extender battery costs an 'estimated' $16,000 originally appeared on Autoblog on Wed, 14 A…",https://www.autoblog.com/2024/08/14/tesla-cybertruck-range-extender-battery-costs-an-estimated-16000/,https://edgecast-img.yahoo.net/mysterio/api/CBC86975730A53677C690BD42E88CC01D44FA48FB517EEC8C11A99A0B77DCAFE/autoblog/resizefill_w1200_h675;quality_85;format_webp;cc_31536000;/https://s.aolcdn.com/images/dims3/GLOB/legacy_thumbnail/1200x675/format/jpg/quality/100/https://s.aolcdn.com/os/ab/_cms/2024/08/14032620/tesla_cybertruck_bed_battery.jpg,14/08/2024 14:41,"The longer the Tesla Cybertruck is on the market, the more confounding the stainless steel pickup gets. Last week, Tesla closed order books for the least expensive Cybertruck grade, a rear-driver whi… [+2766 chars]",14/08/2024,0.0,nuetral
14/08/2024,207.3899994,201.3800049,201.3800049,214.1399994,216.1199951,Wired,Bob Sorokanich,The 2025 Ford Maverick Shows That Hybrid Pickup Trucks Are Going Mainstream,"Just as Tesla ditches its $60,000 Cybertruck, Ford finally allows buyers to pair its efficient hybrid powertrain with all-wheel drive and a towing package. Hallelujah.",https://www.wired.com/story/the-2025-ford-maverick-shows-that-hybrid-pickup-trucks-are-going-mainstream/,"https://media.wired.com/photos/66b238d5206f91e861323d94/191:100/w_1280,c_limit/FORDMaverick.jpg",14/08/2024 10:30,"Ford created a surprise smash hit when it introduced the Maverick in 2021. This compact pickup, built on architecture shared with the Escape and Bronco Sport crossover SUVs, offered truck capability … [+3478 chars]",14/08/2024,0.7351,positive
15/08/2024,205.0200043,214.1399994,214.1399994,216.1199951,222.7200012,The Verge,Alex Heath,Ex-Google CEO says successful AI startups can steal IP and hire lawyers to ‘clean up the mess’,"“But if nobody uses your product, it doesn’t matter that you stole all the content,” former Google CEO Eric Schmidt said during a talk at Stanford that has been pulled offline.",https://www.theverge.com/2024/8/14/24220658/google-eric-schmidt-stanford-talk-ai-startups-openai,https://cdn.vox-cdn.com/thumbor/QQQxH6DQRCFJVlX17xypIjc4QEc=/0x0:7496x5379/1200x628/filters:focal(3909x2019:3910x2020)/cdn.vox-cdn.com/uploads/chorus_asset/file/25572964/1241460753.jpg,15/08/2024 0:00,"Ex-Google CEO says successful AI startups can steal IP and hire lawyers to clean up the mess
Ex-Google CEO says successful AI startups can steal IP and hire lawyers to clean up the mess
 / But if n… [+2876 chars]",15/08/2024,0.2023,positive
15/08/2024,205.0200043,214.1399994,214.1399994,216.1199951,222.7200012,Business Insider,Kwan Wei Kevin Tan,'Shark Tank' star Kevin O'Leary says he thinks Elon Musk is a 'modern day Bruce Wayne',"""If he got involved with government, it would be a good thing for everybody in America,"" O'Leary said of Musk.",https://www.businessinsider.com/kevin-oleary-elon-musk-is-a-modern-day-bruce-wayne-2024-8,https://i.insider.com/66bd8870b4912df3ae1bdc9b?width=1200&format=jpeg,15/08/2024 8:26,"""I think that guy is a modern day Bruce Wayne. If he got involved with government, it would be a good thing for everybody in America,"" Kevin O'Leary said of Elon Musk.Christopher Willard/ABC via Gett… [+3287 chars]",15/08/2024,0.4404,positive
16/08/2024,211.1499939,216.1199951,216.1199951,222.7200012,221.1000061,Xataka.com,Javier Marquez,Tesla ha diseñado una nevera portátil inspirada en el Cybertruck. Y la está vendiendo a un precio no pasa desapercibido,"La compañías fundadas o lideradas por Elon Musk suelen ofrecer algunos productos que no están directamente relacionados con su actividad principal. Hace un tiempo vimos como The Boring Company se lanzaba a vender un lanzallamas. Ahora, Tesla acaba de agregar …",https://www.xataka.com/otros/tesla-ha-disenado-nevera-portatil-inspirada-cybertruck-esta-vendiendo-a-precio-no-pasa-desapercibido,https://i.blogs.es/096111/cybertruck-cooler/840_560.jpeg,16/08/2024 20:31,La compañías fundadas o lideradas por Elon Musk suelen ofrecer algunos productos que no están directamente relacionados con su actividad principal. Hace un tiempo vimos como The Boring Company se lan… [+2022 chars],16/08/2024,-0.5423,negative
16/08/2024,211.1499939,216.1199951,216.1199951,222.7200012,221.1000061,Hipertextual,Gabriel Erard,Tesla cambia el Model 3 base para hacerlo más barato en México,"Tesla ha modificado el Model 3 base para venderlo a un precio más bajo en México. Los cambios ya son visibles en el configurador de la web oficial de la empresa, donde este modelo ahora se ofrece por 749.000 pesos. Es decir, 50.000 pesos más barato que su pre…",http://hipertextual.com/2024/08/tesla-model-3-base-cambios-mas-barato-mexico,https://imgs.hipertextual.com/wp-content/uploads/2023/09/Tesla-Model-3-Highland-scaled.jpg,16/08/2024 16:17,"Tesla ha modificado el Model 3 base para venderlo a un precio más bajo en México. Los cambios ya son visibles en el configurador de la web oficial de la empresa, donde este modelo ahora se ofrece por… [+2372 chars]",16/08/2024,0.34,positive
16/08/2024,211.1499939,216.1199951,216.1199951,222.7200012,221.1000061,ABC News,Leah Sarnoff,What a Kamala Harris presidency could mean for electric vehicles,Donald Trump's conversation with Tesla CEO Elon Musk heightened the issue of transition to electric vehicles in the 2024 election discourse.,https://abcnews.go.com/Politics/kamala-harris-presidency-electric-vehicles/story?id=112781610,https://i.abcnewsfe.com/a/2eb224b9-7df9-4beb-affd-699eb9fcfeb2/rivian-1-rt-bb-240814_1723654827574_hpMain_16x9.jpg?w=1600,16/08/2024 9:20,"On the road to the 2024 presidential election, Vice President Kamala Harris and former President Donald Trump's views on electric vehicles (EVs) have offered two different visions of America's automo… [+7075 chars]",16/08/2024,0.2263,positive
19/08/2024,217.0700073,222.7200012,222.7200012,221.1000061,223.2700043,Xataka.com,Alberto de la Torre,Decenas de coches de Tesla han aparecido abandonados en mitad de un prado. Y ahora estamos intentando entender por qué,"El 2024 no comenzó bien para Tesla. Como contamos en Xataka, el primer trimestre de este año ha sido el primero en los últimos cuatro ejercicios en los que las ventas de sus coches eléctricos cayeron.
<!-- BREAK 1 -->
Con el paso de los meses, los datos no ha…",https://www.xataka.com/movilidad/decenas-coches-tesla-han-aparecido-abandonados-mitad-prado-ahora-estamos-intentando-entender-que,https://i.blogs.es/2b3770/martin-katler-dijr_m1mv_a-unsplash/840_560.jpeg,19/08/2024 19:03,"El 2024 no comenzó bien para Tesla. Como contamos en Xataka, el primer trimestre de este año ha sido el primero en los últimos cuatro ejercicios en los que las ventas de sus coches eléctricos cayeron… [+4313 chars]",19/08/2024,0.0516,positive
19/08/2024,217.0700073,222.7200012,222.7200012,221.1000061,223.2700043,Autoblog,Insider,Wanted: Humans to wear motion-capture suits all day to train Tesla robots,"Filed under:
 Motorsports,Commerce
 Continue reading Wanted: Humans to wear motion-capture suits all day to train Tesla robots
Wanted: Humans to wear motion-capture suits all day to train Tesla robots originally appeared on Autoblog on Mon, 19 Aug 2024 04:59:…",https://www.autoblog.com/2024/08/19/wanted-humans-to-wear-motion-capture-suits-all-day-to-train-tesla-robots/,https://edgecast-img.yahoo.net/mysterio/api/6F9574433785AA08AF04058D0A97E0297D676279BBD7AB61CAC2BE838C3360DA/autoblog/resizefill_w1200_h675;quality_85;format_webp;cc_31536000;/https://o.aolcdn.com/images/dims3/GLOB/legacy_thumbnail/1062x597/format/jpg/quality/100/https://media.zenfs.com/en/business_insider_articles_888/1ad8ad0fd3f05c2655e893d2b2f066b2,19/08/2024 8:59,"Tesla is hiring Data Collection Operators for up to $48 per hour to help train its humanoid robot.Future Publishing/ Getty
Willing to spend hours on end in a motion-capture suit? Tesla is paying up … [+4655 chars]",19/08/2024,0.4019,positive
19/08/2024,217.0700073,222.7200012,222.7200012,221.1000061,223.2700043,Yahoo Entertainment,Storyful,Chechen Leader Thanks Elon Musk For Cybertruck as Musk Denies Involvement,"Chechen leader Ramzan Kadyrov thanked Elon Musk for a Tesla Cybertruck, posting footage of himself driving the car around his Grozny residence on August 17...",https://uk.news.yahoo.com/chechen-leader-thanks-elon-musk-094057621.html,https://s.yimg.com/ny/api/res/1.2/_dOcZZifuGhi.AMMgtdBMw--/YXBwaWQ9aGlnaGxhbmRlcjt3PTEyMDA7aD02OTk-/https://media.zenfs.com/en/video.storyful.com/de435c3f9f1df41dee6fd7613ec9880e,19/08/2024 9:40,"Chechen leader Ramzan Kadyrov thanked Elon Musk for a Tesla Cybertruck, posting footage of himself driving the car around his Grozny residence on August 17.
Kadyrov wrote: I express my sincere grati… [+704 chars]",19/08/2024,0.6808,positive
19/08/2024,217.0700073,222.7200012,222.7200012,221.1000061,223.2700043,Business Insider,Theron Mohamed,Meet the 15 members of the $100 billion club — who are jointly worth more than Google,"Elon Musk, Jeff Bezos, and Bill Gates are among the very few members of the 12-digit club. Three Waltons worth over $92 billion could soon join them.",https://www.businessinsider.com/wealth-billionaires-musk-bezos-zuckerberg-net-worth-jensen-huang-waltoans-2024-8,https://i.insider.com/6495e72065b9ce0018a49dd7?width=1200&format=jpeg,19/08/2024 12:38,"Elon Musk (left), Mark Zuckerberg (middle), and Jeff Bezos (right) are all members of the $100 billion club.Scott Olson/Getty/Mark J. Terrill/AP/Drew Angerer/Business Insider Composite
<ul><li>The e… [+4616 chars]",19/08/2024,0.0,nuetral
19/08/2024,217.0700073,222.7200012,222.7200012,221.1000061,223.2700043,Yahoo Entertainment,Unknown,Suspected Sephora Shoplifter Caught Hiding in Tesla Truck: Cops,No description available,https://consent.yahoo.com/v2/collectConsent?sessionId=1_cc-session_66e2e06b-ee47-4eee-abd7-e710a9235cea,No image available,19/08/2024 16:20,"If you click 'Accept all', we and our partners, including 237 who are part of the IAB Transparency &amp; Consent Framework, will also store and/or access information on a device (in other words, use … [+678 chars]",19/08/2024,0.5423,positive
19/08/2024,217.0700073,222.7200012,222.7200012,221.1000061,223.2700043,Gizmodo.com,Matt Novak,Tesla Is Hiring Humans to Wear Motion-Capture Suits to Train Optimus Robots,Have you ever wanted to work graveyard shift training a robot that may one day destroy humanity? Have we got a job for you.,https://gizmodo.com/tesla-is-hiring-humans-to-wear-motion-capture-suits-to-train-optimus-robots-2000488525,https://gizmodo.com/app/uploads/2024/08/optimus-robot-youtube.jpg,19/08/2024 17:20,Tesla has clearly been struggling to catch up with much more advanced rivals in the race to build a humanoid robot that can do everything from assembling cars to babysitting your kids. But a new job … [+2674 chars],19/08/2024,0.1522,positive
19/08/2024,217.0700073,222.7200012,222.7200012,221.1000061,223.2700043,Gizmodo.com,Matthew Gault,The Cybertruck Heads to War With Militarized Upgrades,A company is offering to up-armor Cybertrucks and Chechnya's dictator rolled a machine-gun armed Cybertruck through the streets of his country's capital.,https://gizmodo.com/militarized-cybertrucks-are-here-2000488469,https://gizmodo.com/app/uploads/2024/08/Kadyrov_Cybertruck.jpg,19/08/2024 14:35,"Cybertrucks armed with extra armor and kitted out with machine guns are here.
Ramzan Kadyrov, the brutal dictator of Chechnya and prominent Putin ally, has invited Elon Musk to visit him in Grozny. … [+3031 chars]",19/08/2024,-0.4215,negative
20/08/2024,224.8800049,221.1000061,221.1000061,223.2700043,210.6600037,The Verge,William Poor,Lost Highway,Surviving a 450-mile hydrogen-powered road trip.,https://www.theverge.com/c/2024/8/20/24195787/lost-highway,https://cdn.vox-cdn.com/thumbor/kxO-g-52yNiU4Oud9ahnJDhaHu8=/138x217:1902x1143/fit-in/1200x630/cdn.vox-cdn.com/uploads/chorus_asset/file/25580173/VRG_VST_Hydrogen_Highway.jpg,20/08/2024 14:00,"In 2004, California Governor Arnold Schwarzenegger announced plans for a “hydrogen highway.” It called for a new kind of fuel station, built to support a new kind of electric vehicle. Cars powered by… [+5125 chars]",20/08/2024,0.4019,positive
20/08/2024,224.8800049,221.1000061,221.1000061,223.2700043,210.6600037,Business Insider,mfox@businessinsider.com (Matthew Fox),Nvidia has added $765 billion to its market value in less than 2 weeks,"Nvidia's $765 billion gain in market cap over eight trading days is more than the value of entire companies including Tesla, JPMorgan, and Walmart.",https://markets.businessinsider.com/news/stocks/nvidia-stock-price-surge-765-billion-market-value-8-days-2024-8,https://i.insider.com/66c4d86b1aa2ac29ee329611?width=1200&format=jpeg,20/08/2024 19:27,"Shares of Nvidia have leaped 31% since the stock last closed below $100 per share on August 7, with the mega-cap tech company adding $765 billion to its market value in just eight trading days.
The … [+2567 chars]",20/08/2024,0.7003,positive
20/08/2024,224.8800049,221.1000061,221.1000061,223.2700043,210.6600037,Slashdot.org,BeauHD,Hyundai Hits Double-Digit EV Market Share In the US,"Hyundai Motor Group, which includes Kia and Genesis, accounted for 10% of the U.S. EV market through the first seven months of 2024, outpacing Ford (7.4%) and GM (6.3%). Electrek reports: Although IONIQ 5 and 6 sales slipped last month, they are still up 25% …",https://tech.slashdot.org/story/24/08/19/2357230/hyundai-hits-double-digit-ev-market-share-in-the-us,https://a.fsdn.com/sd/topics/transportation_64.png,20/08/2024 0:02,"Although IONIQ 5 and 6 sales slipped last month, they are still up 25% and 54% year-to-date, respectively. Meanwhile, sister company Kia continued its record-setting performance in July after EV sale… [+768 chars]",20/08/2024,-0.4215,negative
20/08/2024,224.8800049,221.1000061,221.1000061,223.2700043,210.6600037,Xataka.com,Jose García,"Tesla quiere que su robot Optimus se mueva como un humano y para eso necesita humanos (y datos), así que ya los está contratando","Fue alrededor de dos años cuando Tesla mostró por primera vez el prototipo de Optimus, su robot humanoide. Este robot, que de acuerdo a la compañía, tendrá un importante papel en el futuro, ha pasado por varias versiones y lo hemos visto mejorar con el tiempo…",https://www.xataka.com/robotica-e-ia/tesla-quiere-que-su-robot-optimus-se-mueva-como-humano-para-eso-necesita-humanos-datos-asi-que-esta-contratando,https://i.blogs.es/c028dc/original/840_560.jpeg,20/08/2024 12:01,"Fue alrededor de dos años cuando Tesla mostró por primera vez el prototipo de Optimus, su robot humanoide. Este robot, que de acuerdo a la compañía, tendrá un importante papel en el futuro, ha pasado… [+4263 chars]",20/08/2024,0.34,positive
20/08/2024,224.8800049,221.1000061,221.1000061,223.2700043,210.6600037,The Verge,Andrew J. Hawkins,"Hydrogen cars flopped, but fuel cells are finding new life in trucks and boats","Hydrogen cars flopped, but some companies are still investing into the technology for larger projects like mining trucks, cement mixers, and terminal tractors  However, they still face running into the same challenges around price and fueling.",https://www.theverge.com/24221818/hydrogen-car-trucks-construction-boat-airplane-fuel-cells,https://cdn.vox-cdn.com/thumbor/YwalcaIyz7o7HA6gbmuKcoD2-iE=/0x0:3654x2280/1200x628/filters:focal(1827x1140:1828x1141)/cdn.vox-cdn.com/uploads/chorus_asset/file/25575266/1240388737.jpg,20/08/2024 14:00,"The Energy Observer, a boat powered by hydrogen and other renewable energy sources, sailing in the Gulf of Thailand in 2022. | Photo by Pitcha Dangprasith / AFP via Getty Images

 


 Mining trucks,… [+13071 chars]",20/08/2024,0.4939,positive
20/08/2024,224.8800049,221.1000061,221.1000061,223.2700043,210.6600037,Xataka.com,Alberto de la Torre,Tesla tiene el coche eléctrico a batir en Europa. Esta marca china tiene claro cómo darle la vuelta: recargas de 10 minutos,"La demanda de coches eléctricos se ha frenado en los últimos meses. Después de superar una primera montaña, la demanda de este tipo de vehículos está discurriendo por un valle que debería terminar con la llegada de nuevos coches eléctricos más asequibles que …",https://www.xataka.com/movilidad/tesla-tiene-coche-electrico-a-batir-europa-esta-marca-china-tiene-claro-como-darle-vuelta-recargas-10-minutos,https://i.blogs.es/132baf/1718071658-article-19-2x-1/840_560.jpeg,20/08/2024 8:00,"La demanda de coches eléctricos se ha frenado en los últimos meses. Después de superar una primera montaña, la demanda de este tipo de vehículos está discurriendo por un valle que debería terminar co… [+4915 chars]",20/08/2024,0.34,positive
20/08/2024,224.8800049,221.1000061,221.1000061,223.2700043,210.6600037,Gizmodo.com,Matthew Gault,Trump Signals a Future for Elon Musk in the White House,"During a campaign stop in Pennsylvania, the candidate said he’d consider appointing Musk to his cabinet if elected.",https://gizmodo.com/trump-signals-a-future-for-elon-musk-in-the-white-house-2000488920,https://gizmodo.com/app/uploads/2024/08/Trump_EV.jpg,20/08/2024 14:40,"Donald Trump told a Reuters reporter on Monday that hed consider ending the $7,500 tax credit for electric-vehicle purchases. He also said hed consider appointing Tesla CEO and EV tax credit enjoyer,… [+3028 chars]",20/08/2024,0.6369,positive
21/08/2024,222.6699982,223.2700043,223.2700043,210.6600037,220.3200073,Gizmodo.com,Matt Novak,Tesla Issues Physical Recall After Vehicles Literally Come Unglued,"While most Tesla recalls have involved over-the-air updates, this one requires a physical inspection.",https://gizmodo.com/tesla-issues-physical-recall-after-vehicles-literally-come-unglued-2000489406,https://gizmodo.com/app/uploads/2024/08/tesla-model-x-recall-getty-2021-china.jpg,21/08/2024 18:00,"Tesla issued a recall on just over 9,100 Model X SUVs on Wednesday over an issue that involves the trim separating from the vehicle, according to a notice published online by the National Highway Tra… [+2878 chars]",21/08/2024,0.0,nuetral
21/08/2024,222.6699982,223.2700043,223.2700043,210.6600037,220.3200073,Yahoo Entertainment,Sarah Fielding,Tesla issues an in-person recall for its Model X SUV,"Tesla has recalled over two million vehicles in 2024 alone, so close to 10,000 more cars shouldn't be very noteworthy at this point. But Tesla's latest recall is a bit fussier in that technicians must review each car in person rather than just issuing an over…",https://consent.yahoo.com/v2/collectConsent?sessionId=1_cc-session_4a0ac25e-e33e-4bbb-9ae9-585aa0bac22b,No image available,21/08/2024 15:00,"If you click 'Accept all', we and our partners, including 237 who are part of the IAB Transparency &amp; Consent Framework, will also store and/or access information on a device (in other words, use … [+678 chars]",21/08/2024,0.5423,positive
21/08/2024,222.6699982,223.2700043,223.2700043,210.6600037,220.3200073,Autoblog,Insider,Take a look at Waymo's new purpose-built robotaxi that's made by a Chinese Tesla rival,"Filed under:
 Green,Volkswagen,Car Buying,Minivan/Van,Electric
 Continue reading Take a look at Waymo's new purpose-built robotaxi that's made by a Chinese Tesla rival
Take a look at Waymo's new purpose-built robotaxi that's made by a Chinese Tesla rival orig…",https://www.autoblog.com/2024/08/21/take-a-look-at-waymo-s-new-purpose-built-robotaxi-that-s-made-by-a-chinese-tesla-rival/,https://edgecast-img.yahoo.net/mysterio/api/EE88137E93F9EEA3447121F0A58E8CB5C5499F2D6EA8FB7CF54449BB3ADC7B89/autoblog/resizefill_w1200_h675;quality_85;format_webp;cc_31536000;/https://o.aolcdn.com/images/dims3/GLOB/legacy_thumbnail/1062x597/format/jpg/quality/100/https://media.zenfs.com/en/business_insider_articles_888/886fe9f958fb01c4d30397cd6dd72850,21/08/2024 10:34,"Waymo unveiled its sixth-generation self-driving system on Monday. Waymo
Waymo is steadily taking over the streets of San Francisco and just unveiled its newest robotaxi.
The Google-backed self-dri… [+1756 chars]",21/08/2024,0.0,nuetral
21/08/2024,222.6699982,223.2700043,223.2700043,210.6600037,220.3200073,Business Insider,Tom Carter,Take a look at Waymo's new purpose-built robotaxi that's made by a Chinese Tesla rival,"Waymo, the Google-backed self-driving car startup that provides 100,000 paid rides a week, previewed its first purpose-built vehicle from Zeekr.",https://www.businessinsider.com/waymo-new-robotaxi-self-driving-zeekr-china-pictures-google-2024-8,https://i.insider.com/66c5a110b4912df3ae1d2b0f?width=1200&format=jpeg,21/08/2024 10:34,"Waymo unveiled its sixth-generation self-driving system on Monday. Waymo
<ul><li>Waymo unveiled its latest robotaxi, which is manufactured by Chinese Tesla rival Zeekr.</li><li>The Google-backed com… [+2096 chars]",21/08/2024,0.0,nuetral
21/08/2024,222.6699982,223.2700043,223.2700043,210.6600037,220.3200073,Hipertextual,Rubén Chicharro,"Europa también impondrá aranceles a los coches de Tesla, aunque tiene trampa","Tesla no se libra de los aranceles a los coches eléctricos que la Unión Europea quiere imponer a las compañías chinas, o a aquellas que fabrican vehículos en tal país. Tras una investigación, Europa ha anunciado que la empresa de movilidad de Elon Musk tambié…",http://hipertextual.com/2024/08/europa-tambien-impondra-aranceles-a-tesla-aunque-tiene-trampa,https://imgs.hipertextual.com/wp-content/uploads/2022/01/tesla-scaled.jpeg,21/08/2024 8:22,"Tesla no se libra de los aranceles a los coches eléctricos que la Unión Europea quiere imponer a las compañías chinas, o a aquellas que fabrican vehículos en tal país. Tras una investigación, Europa … [+2169 chars]",21/08/2024,-0.296,negative
21/08/2024,222.6699982,223.2700043,223.2700043,210.6600037,220.3200073,Business Insider,Erin Snodgrass,"Putin ally's machine-gun Cybertruck may look 'super cool,' but it's 'useless' on the battlefield, military expert says",Chechen warlord Ramzan Kadyrov posted a video of himself driving a Tesla Cybertruck affixed with what appeared to be a machine gun on top.,https://www.businessinsider.com/chechnya-machine-gun-cybertruck-looks-cool-worthless-battlefield-military-expert-2024-8,https://i.insider.com/66c0c7745da406397bf6bcec?width=1200&format=jpeg,21/08/2024 22:57,"Ramzan Kadyrov/Telegram
<ul><li>Chechen warlord Ramzan Kadyrov showed off a Cybertruck equipped with a machine gun.</li><li>The Putin ally said he plans to send the vehicle to the battlefield in Ukr… [+4035 chars]",21/08/2024,-0.3818,negative
21/08/2024,222.6699982,223.2700043,223.2700043,210.6600037,220.3200073,Yahoo Entertainment,Will Rimell,"New-look Tesla Model Y: 2025 overhaul adds power, range and tech",World's best-selling car will be rejuvenated to fend off cheaper and leggier rivals,https://autos.yahoo.com/look-tesla-model-y-2025-050050905.html,https://s.yimg.com/ny/api/res/1.2/JRk5Y.fxo8kkuvbncTcGyQ--/YXBwaWQ9aGlnaGxhbmRlcjt3PTEyMDA7aD03OTU-/https://media.zenfs.com/en/autocar_articles_778/aedd6ba5f79b7d992260ef620eed3691,21/08/2024 5:00,"tesla model y facelift 2024
Early images of the revised Model Y have informed our artist's renders
The Tesla Model Y, the worlds best-selling car, will be substantially updated in 2025 with a new l… [+2904 chars]",21/08/2024,0.0,nuetral
21/08/2024,222.6699982,223.2700043,223.2700043,210.6600037,220.3200073,Xataka.com,Alberto de la Torre,Tesla tendrá que enfrentar aranceles del 9%: llega su momento para demostrar que puede competir entre los modelos premium,"Empezó a rumorearse el año pasado y se ha confirmado este año. La Unión Europea ya ha comenzado a aplicar sus derechos compensatorios contra los coches eléctricos venidos de China.
<!-- BREAK 1 -->
Los mal llamados aranceles comenzaron a aplicarse el pasado m…",https://www.xataka.com/movilidad/tesla-tendra-que-enfrentar-aranceles-9-llega-su-momento-para-demostrar-que-puede-competir-modelos-premium,https://i.blogs.es/349b02/maxim-rwg3sdsfkx8-unsplash/840_560.jpeg,21/08/2024 12:01,"Empezó a rumorearse el año pasado y se ha confirmado este año. La Unión Europea ya ha comenzado a aplicar sus derechos compensatorios contra los coches eléctricos venidos de China.
Los mal llamados … [+7662 chars]",21/08/2024,0.5859,positive
21/08/2024,222.6699982,223.2700043,223.2700043,210.6600037,220.3200073,Autoblog,Autoblog Staff,"Tesla recalls more than 9,000 2016 Model X SUVs over roof trim piece","Filed under:
 Green,Recalls,Tesla,Crossover,SUV,Electric
 Continue reading Tesla recalls more than 9,000 2016 Model X SUVs over roof trim piece
Tesla recalls more than 9,000 2016 Model X SUVs over roof trim piece originally appeared on Autoblog on Wed, 21 Aug…",https://www.autoblog.com/2024/08/21/tesla-recalls-more-than-9000-2016-model-x-suvs-over-roof-trim-piece/,https://edgecast-img.yahoo.net/mysterio/api/33E2C7E2E8BD53DDFFBBD96E0220A7A8F07326388B579B05D99129BD487244DF/autoblog/resizefill_w1200_h675;quality_85;format_webp;cc_31536000;/https://s.aolcdn.com/images/dims3/GLOB/legacy_thumbnail/1200x675/format/jpg/quality/100/https://s.aolcdn.com/os/ab/_cms/2024/08/21081002/2016-tesla-model-x.jpg,21/08/2024 12:25,"Tesla is recalling 9,136 Model X sports utility vehicles from the 2016 model year over a trim on the roof that could separate, increasing the risk of a crash, the National Highway Traffic Safety Admi… [+1556 chars]",21/08/2024,-0.25,negative
21/08/2024,222.6699982,223.2700043,223.2700043,210.6600037,220.3200073,Ars Technica,Jonathan M. Gitlin,"Ford rethinks EV strategy again—ditching 3-row SUVs, adding vans","The automaker plans some new pickups and smaller, cheaper EVs.",https://arstechnica.com/cars/2024/08/ford-rethinks-ev-strategy-again-ditching-3-row-suvs-adding-vans/,https://cdn.arstechnica.net/wp-content/uploads/2024/08/All-New-Ford-E-Transit_Mustang-Mach-E_All-Electric-F-150-760x380.jpg,21/08/2024 15:12,"Enlarge/ Ford hoped to build 600,000 EVs a year by now, a mix of Mustang Mach-E crossovers, E-Transit vans, and F-150 Lightning pickups. This year, sales are up 71 percent so far; by the end of June,… [+4005 chars]",21/08/2024,0.3818,positive
21/08/2024,222.6699982,223.2700043,223.2700043,210.6600037,220.3200073,Xataka.com,Javier Pastor,La Comisión Europea propone un arancel del 9% a Tesla. Podría haber sido mucho peor,"La Unión Europea lleva meses estudiando la posibilidad de imponer aranceles a los coches eléctricos chinos. En realidad técnicamente no los llaman así, pero los euroreguladores plantearon dichos ""derechos compensatorios"" a principios de julio a varias marcas.…",https://www.xataka.com/movilidad/comision-europea-propone-arancel-9-a-tesla-podria-haber-sido-mucho-peor,https://i.blogs.es/cda95a/tesla/840_560.jpeg,21/08/2024 7:14,"La Unión Europea lleva meses estudiando la posibilidad de imponer aranceles a los coches eléctricos chinos. En realidad técnicamente no los llaman así, pero los euroreguladores plantearon dichos ""der… [+2915 chars]",21/08/2024,-0.296,negative
22/08/2024,223.8200073,210.6600037,210.6600037,220.3200073,213.2100067,Autoblog,Yahoo Finance,Lucid CEO: We've taken the mantle from a 'distracted' Tesla,"Filed under:
 Green,Tesla,Crossover,SUV,Electric,Sedan,Lucid
 Continue reading Lucid CEO: We've taken the mantle from a 'distracted' Tesla
Lucid CEO: We've taken the mantle from a 'distracted' Tesla originally appeared on Autoblog on Thu, 22 Aug 2024 08:45:00…",https://www.autoblog.com/2024/08/22/lucid-ceo-weve-taken-the-mantle-from-a-distracted-tesla/,https://edgecast-img.yahoo.net/mysterio/api/9FE787F9A4C8F6514F59E513442825873047180604E8626D036214D16388FA43/autoblog/resizefill_w1200_h675;quality_85;format_webp;cc_31536000;/https://s.aolcdn.com/images/dims3/GLOB/legacy_thumbnail/1200x675/format/jpg/quality/100/https://s.aolcdn.com/os/ab/_cms/2024/08/22083407/Lucid-Gravity-action-front-three-quarter-low2.jpg,22/08/2024 12:45,"PEBBLE BEACH, Calif. Lucid Motors (LCID) has a lot riding on its next EV, the Gravity SUV, when it comes out later this year.
Lucid CEO Peter Rawlinson spoke to Yahoo Finance from the Pebble Beach C… [+2632 chars]",22/08/2024,0.0,nuetral
22/08/2024,223.8200073,210.6600037,210.6600037,220.3200073,213.2100067,CNET,Mike De Socio,Can You Install a Home Battery System by Yourself?,"A home battery installation is best left to the professionals. In some cases, you don't have a choice.",https://www.cnet.com/home/energy-and-utilities/can-you-install-a-home-battery-system-by-yourself/,https://www.cnet.com/a/img/resize/2af077a6f5518bac0d9417e6d3dad22108525fac/hub/2024/01/10/3e396f63-8983-44c7-9319-0d6af9be41b2/gettyimages-1361673535.jpg?auto=webp&fit=crop&height=675&width=1200,22/08/2024 17:54,"Many homeowners thrive in the do-it-yourself approach to home renovations. It's an easy way to save money and take better control over a project.
When it comes to something like installing a home ba… [+7449 chars]",22/08/2024,0.8885,positive
23/08/2024,214.4600067,220.3200073,220.3200073,213.2100067,209.2100067,Yahoo Entertainment,Demitri Fierro,Tesla releases first render images of new 'Semi Factory' — and it could signal a shift in the freight industry,"""This is one area where Tesla can really dominate.""",https://www.yahoo.com/news/tesla-releases-first-render-images-100000042.html,https://s.yimg.com/ny/api/res/1.2/1to9QEp75JdbH8TTkI53Ng--/YXBwaWQ9aGlnaGxhbmRlcjt3PTEyMDA7aD04MDA-/https://media.zenfs.com/en/the_cool_down_737/b936b098f12032e8d4834480b0539a10,23/08/2024 10:00,"The electrification revolution is growing. While electric vehicles have been recognized as a growing trend among consumers, the interest is now spreading to the commercial vehicle world.
As explaine… [+2320 chars]",23/08/2024,0.6597,positive
23/08/2024,214.4600067,220.3200073,220.3200073,213.2100067,209.2100067,Electriccarsreport.com,Unknown,BMW Overtakes Tesla in European EV Sales for First Time,"Demand for cars in Europe increased by 2% last month compared to July 2023. JATO Dynamics’ data for 28 European markets revealed that a total of 1.03 million units were registered in the region, taking the number of year-to-date registrations to almost 7.9 mi…",https://electriccarsreport.com/2024/08/bmw-overtakes-tesla-in-european-ev-sales-for-first-time/,https://electriccarsreport.com/wp-content/uploads/2024/04/BMW-i4.jpg,23/08/2024 21:04,"Demand for cars in Europe increased by 2% last month compared to July 2023. JATO Dynamics data for 28 European markets revealed that a total of 1.03 million units were registered in the region, takin… [+3880 chars]",23/08/2024,0.4019,positive
23/08/2024,214.4600067,220.3200073,220.3200073,213.2100067,209.2100067,Golem.de,Mike Faust,Elektroautos: BMW verkauft mehr Elektrofahrzeuge als Tesla,"Trotz sinkender Nachfrage konnte BMW in Europa mehr Elektroautos absetzen als Tesla. (Elektroauto, Tesla)",https://www.golem.de/sonstiges/zustimmung/auswahl.html?from=https%3A%2F%2Fwww.golem.de%2Fnews%2Felektroautos-bmw-verkauft-mehr-elektrofahrzeuge-als-tesla-2408-188328.html&referer=https%3A%2F%2Ft.co%2F24001284cf,No image available,23/08/2024 11:28,"Besuchen Sie Golem.de wie gewohnt mit Werbung und Tracking,
 indem Sie der Nutzung aller Cookies zustimmen.
 Details zum Tracking finden Sie im Privacy Center.
Skript wurde nicht geladen. Informat… [+607 chars]",23/08/2024,0.0,nuetral
23/08/2024,214.4600067,220.3200073,220.3200073,213.2100067,209.2100067,Business Insider,Alistair Barr,Tesla's AI supercomputer has a Silicon Valley town rushing to meet surging electricity demand,AI data centers use way more electricity than traditional cloud facilities. This is sparking a surge in demand that is rippling across the grid.,https://www.businessinsider.com/tesla-ai-data-center-electricity-demand-palo-alto-substation-2024-8,https://i.insider.com/66bc1217955b01c3294e679d?width=1200&format=jpeg,23/08/2024 17:29,"A Tesla Model Y drives past a new electrical substation in Palo Alto, California.Alistair Barr/Business Insider
<ul><li>Elon Musk is building supercomputers using advanced AI for Tesla's self-drivin… [+6586 chars]",23/08/2024,0.25,positive
26/08/2024,218.75,213.2100067,213.2100067,209.2100067,205.75,Business Insider,Tom Carter,"Elon Musk tells X staff to write a one-page summary of their achievements to get stock options, report says","In an email to staff reported by The Verge, Elon Musk told staff to submit a summary of their contributions to the company to get their stock options.",https://www.businessinsider.com/elon-musk-tells-x-staff-to-prove-deserve-stock-options-2024-8,https://i.insider.com/66cc57dcc72ebc54a40ead25?width=1200&format=jpeg,26/08/2024 10:57,"Tesla CEO Elon Musk told employees they would need to work ""long hours at a high intensity"" after taking over Twitter — and said those unwilling to do so should leave.Richard Bord/Getty Images
<ul><… [+2350 chars]",26/08/2024,0.0,nuetral
26/08/2024,218.75,213.2100067,213.2100067,209.2100067,205.75,Business Insider,Tom Carter,"The cheapest Cybertruck now costs nearly $100,000. Here are 5 alternatives.","From Rivian to Ford, here are five electric pickups that offer an alternative to the Cybertruck.",https://www.businessinsider.com/tesla-cybertruck-alternatives-rivian-ford-chevy-2024-8,https://i.insider.com/66cc87b543b5e59d16b5099b?width=1200&format=jpeg,26/08/2024 15:21,"The cheapest Tesla Cybertruck now costs nearly $100,000, after Tesla removed the option to preorder a cheaper version from its website. Reuters
<ul><li>The cheapest Cybertruck now costs nearly $100,… [+3355 chars]",26/08/2024,0.0,nuetral
26/08/2024,218.75,213.2100067,213.2100067,209.2100067,205.75,Business Insider,jsor@businessinsider.com (Jennifer Sor),Tesla investor Ross Gerber says he's been dumping the stock because no one wants the company's cars or robots,"""We've seen sales go down, and that's what's happening. If you're expecting a great quarter, you're wrong. They're not selling any Teslas here.""",https://markets.businessinsider.com/news/stocks/tesla-stock-outlook-elon-musks-cars-sales-robots-ross-gerber-2024-8,https://i.insider.com/66cc8a47c72ebc54a40eb3e4?width=1200&format=jpeg,26/08/2024 15:44,"One of Tesla's longtime investors has dumped around half his stake in Elon Musk's carmaker. 
According to longtime shareholder Ross Gerber, that's because no one seems interested in buying its cars … [+2486 chars]",26/08/2024,-0.296,negative
26/08/2024,218.75,213.2100067,213.2100067,209.2100067,205.75,heise online,dpa,"Tesla-Protestcamp – ""Heiße Phase"" könnte noch kommen",Seit einem halben Jahr besetzen Umweltaktivisten ein Waldstück nahe der Tesla-Fabrik. Sie wollen im Kampf gegen den Ausbau des Werks nicht weichen.,https://www.heise.de/news/Tesla-Protestcamp-Heisse-Phase-koennte-noch-kommen-9846966.html,https://heise.cloudimg.io/bound/1200x1200/q85.png-lossy-85.webp-lossy-85.foil1/_www-heise-de_/imgs/18/4/6/5/8/1/0/8/shutterstock_1837404886-9ed0bcc1df406f1b.jpg,26/08/2024 4:21,"Inhaltsverzeichnis
Das kleine Protestcamp inmitten des Waldes an der Tesla-Fabrik lässt sich von der asphaltierten Straße nur vage erkennen. Doch aus den vereinzelten Zelten und Baumhäusern von dama… [+5290 chars]",26/08/2024,0.0,nuetral
27/08/2024,213.25,209.2100067,209.2100067,205.75,206.2799988,Gizmodo.com,Matthew Gault,"Elon Musk’s Optimus Robot Debuts at World Robot Conference, Doesn’t Do Any Robot Things",The World Robot Conference in Beijing was a marvelous exposition of our possible future and a showcase of how far Tesla's competitors have come.,https://gizmodo.com/elon-musks-optimus-robot-debuts-at-world-robot-conference-doesnt-do-any-robot-things-2000491523,https://gizmodo.com/app/uploads/2024/08/OptimusRobot.jpg,27/08/2024 16:35,"The World Robot Conference in Beijing was a show floor of wonder last week. Humanoid Chinese robots played the zither, folded laundry, and bested humans at the board game Go. As these modern miracles… [+2260 chars]",27/08/2024,0.34,positive
27/08/2024,213.25,209.2100067,209.2100067,205.75,206.2799988,Business Insider,Nora Naughton,Tesla investor Ross Gerber says he can't get rid of his used Tesla. Here's why Musk's cars aren't retaining value like they used to.,Tesla's resale values have been in freefall since 2022 as more and more secondhand models hit the market.,https://www.businessinsider.com/used-tesla-prices-ross-gerber-ev-sales-2024-8,https://i.insider.com/66ce2f891aa2ac29ee34c237?width=1200&format=jpeg,27/08/2024 20:36,"A Tesla Model 3 on the assembly line at the Tesla factory in Fremont, California.Mason Trinca/The Washington Post via Getty Images
<ul><li>Used Tesla prices have been in a freefall since 2022.</li><… [+2688 chars]",27/08/2024,0.0,nuetral
27/08/2024,213.25,209.2100067,209.2100067,205.75,206.2799988,Yahoo Entertainment,Owen Bellwood,"Tesla Drops $50,000 Penalty Against Cybertruck Owners Who Sell Their Trucks","So far this year, the Tesla Cybertruck has been bricked by car washes, gotten stuck on the sandy bank of a lake and been utterly destroyed by a YouTuber’s...",https://autos.yahoo.com/tesla-drops-50-000-penalty-144500441.html,https://media.zenfs.com/en/jalopnik_622/54284949bf9cc4d54fb359d69255030d,27/08/2024 14:45,"You had your fun, its time to admit this is ridiculous. - Photo: Michael M. Santiago (Getty Images)
So far this year, the Tesla Cybertruck has been bricked by car washes, gotten stuck on the sandy b… [+2209 chars]",27/08/2024,0.1531,positive
28/08/2024,209.7200012,205.75,205.75,206.2799988,214.1100006,Die Zeit,ZEIT ONLINE: News -,Tesla-Erweiterung: Suche nach Weltkriegsbomben am Tesla-Werk fast abgeschlossen,Hier finden Sie Informationen zu dem Thema „Tesla-Erweiterung“. Lesen Sie jetzt „Suche nach Weltkriegsbomben am Tesla-Werk fast abgeschlossen“.,https://www.zeit.de/news/2024-08/28/suche-nach-weltkriegsbomben-am-tesla-werk-fast-abgeschlossen,https://img.zeit.de/news/2024-08/28/suche-nach-weltkriegsbomben-am-tesla-werk-fast-abgeschlossen-image-group/wide__1300x731,28/08/2024 8:32,Die wochenlange Suche nach Bomben und Munition aus dem Zweiten Weltkrieg am Tesla-Werk in Grünheide (Landkreis Oder-Spree) steht kurz vor dem Ende. «Die Sondierung soll in der kommenden Woche abgesch… [+1978 chars],28/08/2024,-0.5994,negative
28/08/2024,209.7200012,205.75,205.75,206.2799988,214.1100006,Business Insider,Tom Carter,"Chinese Tesla rival launches $22,000 EV with self-driving features. Here's why that's a big problem for Tesla.","Tesla rival Xpeng unveiled its M03 EV on Tuesday. The model with advanced autonomous driving features costs from 155,800 yuan ($21,900).",https://www.businessinsider.com/tesla-rival-china-xpeng-launches-cheap-ev-self-driving-tech-2024-8,https://i.insider.com/66cef67fc72ebc54a40f879e?width=1200&format=jpeg,28/08/2024 11:31,"Xpeng CEO He Xiaopeng unveils the M03, the Tesla rival's latest EV, at an event in Beijing.PEDRO PARDO/Getty Images
<ul><li>Chinese EV maker Xpeng just launched a new low-priced EV.</li><li>The chea… [+2592 chars]",28/08/2024,0.128,positive
28/08/2024,209.7200012,205.75,205.75,206.2799988,214.1100006,Business Insider,Tom Carter,"Tesla could offer a new feature to help Cybertruck drivers who get stuck in mud, sand, or snow after viral mishaps","Tesla Cybertruck lead engineer Wes Morrill posted on X that it was considering a ""stuck detection"" feature for the Cybertruck.",https://www.businessinsider.com/tesla-cybertruck-considers-stuck-detection-feature-after-viral-mishaps-2024-8,https://i.insider.com/663527e00dfb1341e9027b5b?width=1200&format=jpeg,28/08/2024 11:49,"A Tesla Cybertruck had to be helped out of the sand on Nantucket Island on May 2.iPullOut Beach Towing
<ul><li>Elon Musk boasted that the Cybertruck would be an ""apocalypse-proof"" off-road vehicle.<… [+2095 chars]",28/08/2024,0.0,nuetral
29/08/2024,209.8000031,206.2799988,206.2799988,214.1100006,210.6000061,Autoblog,Reuters,Tesla sought a break from Canada's new 100% tariff on Chinese EVs,"Filed under:
 Government/Legal,Green,Tesla,Electric
 Continue reading Tesla sought a break from Canada's new 100% tariff on Chinese EVs
Tesla sought a break from Canada's new 100% tariff on Chinese EVs originally appeared on Autoblog on Thu, 29 Aug 2024 10:38…",https://www.autoblog.com/2024/08/29/tesla-sought-a-break-from-canadas-new-100-tariff-on-chinese-evs/,https://edgecast-img.yahoo.net/mysterio/api/E73D5047A8239A2CF91A06105F0DA87E405136C22456340EEA7723D6DF50F16D/autoblog/resizefill_w1200_h675;quality_85;format_webp;cc_31536000;/https://s.aolcdn.com/images/dims3/GLOB/crop/5280x2970 0 524/resize/1200x675/format/jpg/quality/100/https://s.aolcdn.com/os/ab/_cms/2024/08/29103444/vehicles_export_at_lianyungang_port.jpeg,29/08/2024 14:38,"Chinese-built cars waiting to be loaded earlier this month at the port of Lianyungang, China. Cars from China offloaded in Vancouver, B.C., were up 460% in 2023 from the previous year. (Getty Images)… [+2994 chars]",29/08/2024,0.0,nuetral
29/08/2024,209.8000031,206.2799988,206.2799988,214.1100006,210.6000061,Yahoo Entertainment,Callie Patteson,Tesla experiences growing issue concerning its Cybertruck vehicle: 'It's not too surprising',"""Not that many people are buying $100,000 trucks.""",https://autos.yahoo.com/tesla-experiences-growing-issue-concerning-104545421.html,https://s.yimg.com/ny/api/res/1.2/ZNhPNvq0IEq9BelVMAKCrA--/YXBwaWQ9aGlnaGxhbmRlcjt3PTEyMDA7aD02NzU-/https://media.zenfs.com/en/the_cool_down_737/3d813750ee642997b2fba8ee33d50e8a,29/08/2024 10:45,"Driving an electric vehicle is a great way to help save our planet but what happens if the vehicle is out of your price range?
Tesla, known for its trailblazing efforts in the EV space, is reportedl… [+2258 chars]",29/08/2024,0.6705,positive
30/08/2024,208.6300049,214.1100006,214.1100006,210.6000061,219.4100037,Gizmodo.com,Matt Novak,Here We Go Again: Elon Musk Reportedly Plans to Unveil Tesla Robotaxi at Warner Bros. Studios Lot,Is it smart for Warner Bros. to associate with an extreme political figure like Musk?,https://gizmodo.com/here-we-go-again-elon-musk-reportedly-plans-to-unveil-tesla-robotaxi-at-warner-bros-studios-lot-2000493561,https://gizmodo.com/app/uploads/2024/08/warner-bro-studio-water-tower-burbank.jpg,30/08/2024 20:45,"Tesla plans to show off its new robotaxi product to the world on October 10 at the Warner Bros. movie studio lot in Burbank, California, according to a new report from Bloomberg Friday, citing “peopl… [+2467 chars]",30/08/2024,0.0,nuetral
3/09/2024,215.2599945,210.6000061,210.6000061,219.4100037,230.1699982,CarScoops,Thanos Pappas,Oakland Police Are Towing Teslas for Crime Scene Footage,"If you own a Tesla, you might be unintentionally involved with a crime scene if your vehicle was parked nearby",https://www.carscoops.com/2024/09/california-police-might-use-your-teslas-sentry-video-to-solve-nearby-crimes/,https://www.carscoops.com/wp-content/uploads/2024/09/Tesla-Car-Witness.jpg,3/09/2024 21:02,"If you own a Tesla, you might be unintentionally involved with a crime scene if your vehicle was parked nearby 
<ul><li>Oakland Police request footage from Teslas parked near crime scenes to aid inv… [+3235 chars]",3/09/2024,-0.7906,negative
3/09/2024,215.2599945,210.6000061,210.6000061,219.4100037,230.1699982,Yahoo Entertainment,Danny Gallagher,"The X TV app is out now and yes, it really sucks","X has entered the streaming wars, sort of. Owner Elon Musk
 announced that the X TV app — teased earlier this year
 — is available now for some Amazon Fire TVs, Google TVs and some LG panels.
If your TV doesn’t fit into one of those categories, don’t fret. …",https://consent.yahoo.com/v2/collectConsent?sessionId=1_cc-session_2e1ec5df-1db1-44a0-b2ef-b8d854ca4ff4,No image available,3/09/2024 20:49,"If you click 'Accept all', we and our partners, including 239 who are part of the IAB Transparency &amp; Consent Framework, will also store and/or access information on a device (in other words, use … [+678 chars]",3/09/2024,0.5423,positive
3/09/2024,215.2599945,210.6000061,210.6000061,219.4100037,230.1699982,Autoblog,Insider,Tesla boosts sales in China — and may be planning a 6-seat Model Y,"Filed under:
 Government/Legal,Green,Volkswagen,Emissions,Diesel Vehicles
 Continue reading Tesla boosts sales in China — and may be planning a 6-seat Model Y
Tesla boosts sales in China — and may be planning a 6-seat Model Y originally appeared on Autoblog o…",https://www.autoblog.com/2024/09/03/tesla-boosts-sales-in-china-and-may-be-planning-a-6-seat-model-y/,https://edgecast-img.yahoo.net/mysterio/api/F5FB75D2CE9C3889642965BFB5BB461B54A37CC89CC13F50839CFFCB0C42BB70/autoblog/resizefill_w1200_h675;quality_85;format_webp;cc_31536000;/https://s.aolcdn.com/images/dims3/GLOB/crop/3555x2000 0 213/resize/1200x675/format/jpg/quality/100/https://media.zenfs.com/en/business_insider_articles_888/cd9f1f3f30014b7636ede16b0cd4a3be,3/09/2024 10:31,"Tesla sales in China are on the up.VCG
Things are beginning to look up for Tesla in China.
After a global demand slowdown, Tesla saw a boost in electric vehicle sales and had its best month of the … [+1694 chars]",3/09/2024,0.7506,positive
3/09/2024,215.2599945,210.6000061,210.6000061,219.4100037,230.1699982,The Verge,Andrew J. Hawkins,Tesla will need some Hollywood magic for its robotaxi reveal,Tesla is gathering data in Hollywood and elsewhere in California in advance of its robotaxi reveal. But the company’s strategy still has several glaring holes.,https://www.theverge.com/2024/9/3/24234785/tesla-robotaxi-event-warner-bros-mapping-data-musk,https://cdn.vox-cdn.com/thumbor/QJ0sPBAZ8DVpTMNZJ77XG9idZcw=/0x0:2040x1360/1200x628/filters:focal(1020x680:1021x681)/cdn.vox-cdn.com/uploads/chorus_asset/file/10752835/acastro_180430_1777_tesla_0001.jpg,3/09/2024 16:13,"Tesla will need some Hollywood magic for its robotaxi reveal
Tesla will need some Hollywood magic for its robotaxi reveal
 / The company is reportedly mapping Warner Bros. movie studio lot for its … [+6461 chars]",3/09/2024,0.0,nuetral
3/09/2024,215.2599945,210.6000061,210.6000061,219.4100037,230.1699982,Ars Technica,Jonathan M. Gitlin,"Hyundai updates Ioniq 5 with bigger battery, Tesla-style port",There's also an off-road focused variant called the Ioniq 5 XLT.,https://arstechnica.com/cars/2024/09/hyundai-ioniq-5s-will-be-made-in-usa-with-native-tesla-style-ports/,https://cdn.arstechnica.net/wp-content/uploads/2024/09/Large-63188-2025IONIQ5XRT-760x380.jpg,3/09/2024 17:48,"Enlarge/ The lifted, rugged, off-road version-of-normal trend has come to the Ioniq 5 with the new XLT.
28
The Hyundai Ioniq 5 is one of our favorite electric vehicles. It offers excellent efficien… [+3014 chars]",3/09/2024,0.7717,positive
3/09/2024,215.2599945,210.6000061,210.6000061,219.4100037,230.1699982,Yahoo Entertainment,Unknown,Two reasons why Tesla shouldn't be viewed as an AI play,No description available,https://consent.yahoo.com/v2/collectConsent?sessionId=1_cc-session_9c843be9-8195-487f-92e2-a1e3b489d834,No image available,3/09/2024 11:00,"If you click 'Accept all', we and our partners, including 239 who are part of the IAB Transparency &amp; Consent Framework, will also store and/or access information on a device (in other words, use … [+678 chars]",3/09/2024,0.5423,positive
3/09/2024,215.2599945,210.6000061,210.6000061,219.4100037,230.1699982,Business Insider,Grace Kay,"What it's like working at Tesla's Autopilot labeling facilities, where your keystrokes and bathroom breaks are tracked",Business Insider spoke with 17 former and current Tesla employees who labeled data to help train the company's Autopilot system.,https://www.businessinsider.com/tesla-autopilot-fsd-labeling-facilities-jobs-2024-9,https://i.insider.com/66cf6794397a168972021438?width=1200&format=jpeg,3/09/2024 11:08,"Much of Tesla's data annotation is done at its facility in Buffalo, New York.Frank Franklin II
<ul><li>Tesla's driver-assist software relies on hundreds of data annotators to train it.</li><li>The t… [+8410 chars]",3/09/2024,0.0,nuetral
3/09/2024,215.2599945,210.6000061,210.6000061,219.4100037,230.1699982,Xataka.com,Ricardo Aguilar,BYD continúa con su plan para conquistar Europa: Alemania será su principal puerta de entrada,"BYD ha llegado a un acuerdo con Hedin Mobility Group para adquirir su división Hedin Electric Mobility. Este es el principal distribuidor de vehículos y repuestos de BYD en Alemania, el intermediario al que acudir para hacernos con sus coches.
<!-- BREAK 1 --…",https://www.xataka.com/movilidad/byd-continua-su-plan-para-conquistar-europa-alemania-sera-su-principal-puerta-entrada,https://i.blogs.es/e1acaa/byd/840_560.jpeg,3/09/2024 14:31,"BYD ha llegado a un acuerdo con Hedin Mobility Group para adquirir su división Hedin Electric Mobility. Este es el principal distribuidor de vehículos y repuestos de BYD en Alemania, el intermediario… [+1910 chars]",3/09/2024,0.34,positive
3/09/2024,215.2599945,210.6000061,210.6000061,219.4100037,230.1699982,Business Insider,Ana Altchek,Elon Musk's Robotaxi event will reportedly be different from recent Tesla reveals in a key way,"It looks like Elon Musk is headed to Hollywood for Tesla's Robotaxi event, which reportedly could happen on October 10 at the Warner Bros. studio lot.",https://www.businessinsider.com/elon-musk-tesla-robotaxi-event-warner-bros-discovery-studio-report-2024-9,https://i.insider.com/66d729511d8d2deb96b827fc?width=1200&format=jpeg,3/09/2024 17:02,"Tesla's Robotaxi event will be hosted on October 10 at Warner Bros Studios in Burbank, California.Suzanne Cordeiro/Getty
<ul><li>Tesla CEO Elon Musk is headed to Hollywood's Warner Bros Studios for … [+3111 chars]",3/09/2024,0.0,nuetral
3/09/2024,215.2599945,210.6000061,210.6000061,219.4100037,230.1699982,Hipertextual,Quelian Sanz,El Tesla Model Y Juniper dará la sorpresa: se filtra un cambio totalmente inesperado,"Tesla estaría preparándose para darle una vuelta de tuerca a su esperado Model Y Juniper. Según informan desde Reuters, la división de la marca en China estaría planteándose la fabricación de una nueva versión con un interior mucho más espacioso que pondría s…",http://hipertextual.com/2024/09/el-tesla-model-y-juniper-dara-la-sorpresa-se-filtra-un-cambio-totalmente-inesperado,https://imgs.hipertextual.com/wp-content/uploads/2024/02/model-y-juniper-2.jpg,3/09/2024 9:14,"Tesla estaría preparándose para darle una vuelta de tuerca a su esperado Model Y Juniper. Según informan desde Reuters, la división de la marca en China estaría planteándose la fabricación de una nue… [+1954 chars]",3/09/2024,0.0,nuetral
3/09/2024,215.2599945,210.6000061,210.6000061,219.4100037,230.1699982,Xataka.com,Ricardo Aguilar,"Llamar a un Tesla para que te recoja de forma 100% autónoma ya es posible. Si vives en Estados Unidos, claro","En octubre de 2019, Tesla lanzaba en fase beta la función 'Smart Summon'. Esta, permitía invocar a nuestro coche de forma completamente autónoma utilizando nuestro smartphone. Como podía preverse en una función aún en fase beta, los primeros accidentes no tar…",https://www.xataka.com/movilidad/llamar-a-tesla-te-recoja-forma-100-autonoma-posible-vives-estados-unidos-claro,https://i.blogs.es/6d8fbb/tesla/840_560.jpeg,3/09/2024 9:01,"En octubre de 2019, Tesla lanzaba en fase beta la función 'Smart Summon'. Esta, permitía invocar a nuestro coche de forma completamente autónoma utilizando nuestro smartphone. Como podía preverse en … [+2987 chars]",3/09/2024,0.4019,positive
3/09/2024,215.2599945,210.6000061,210.6000061,219.4100037,230.1699982,Business Insider,Jyoti Mann,Tesla's found a sweet spot in China — and may be planning a 6-seat Model Y,"Tesla's sales in China surged in August, driven by increased government rebates and may produce a six-seat Model Y in Shanghai by late next year.",https://www.businessinsider.com/tesla-china-sales-boost-model-y-elon-musk-evs-2024-9,https://i.insider.com/66d6daba289b805d1db37a3a?width=1200&format=jpeg,3/09/2024 10:31,"Tesla sales in China are on the up.VCG
<ul><li>Tesla's EV sales in China surged in August, marking its best month of the year to date.</li><li>The boost follows a global demand slowdown and increase… [+2021 chars]",3/09/2024,0.7506,positive
